{
    "UHS": [
        0.41507514599104967,
        0.4210040377055824,
        0.47003465066210304,
        0.5311094490860752,
        0.6038331234598846,
        0.9243688667912116,
        1.0173247259938567,
        1.0797499128327575,
        1.1122882450536626,
        1.1276653138375008,
        1.1117104052171234,
        1.0977800405807354,
        1.0612019545486133,
        1.0286799618803184,
        0.9809538353166772,
        0.9387304470397683,
        0.9015235174048473,
        0.867841379470143,
        0.8272382397780599,
        0.7903823840147278,
        0.7577076194910388,
        0.7274822019430155,
        0.6885861236475251,
        0.6535031545152395,
        0.621616355336918,
        0.5929661191074678,
        0.5664403601545204,
        0.5424233401415972,
        0.5201638343840262,
        0.4997904137595951,
        0.48079693429029324,
        0.4633619764991639,
        0.4421826036182846,
        0.42277111525976435,
        0.4047885365906142,
        0.3881034045410284,
        0.3726359555999241,
        0.3581895288389897,
        0.34473384255456535,
        0.332154629157936,
        0.32033105243908083,
        0.30933042481720174,
        0.16475077906006844,
        0.12858938088647698,
        0.10390559684654017,
        0.08551844964021507,
        0.0718572702891717,
        0.06142987451922577,
        0.05325048724572295,
        0.0454498575465822,
        0.03925511432393984,
        0.03425895233845252,
        0.030169009500121698,
        0.02625381429271911,
        0.02303596732490893,
        0.02035491454124617,
        0.018102816640153657
    ],
    "UHS_alt": [
        0.6765627302168147,
        0.6872452494224156,
        0.7721324461644736,
        0.8758013988448129,
        0.9971593403273592,
        1.5301411680820132,
        1.6906897728353798,
        1.8004547779752924,
        1.8626347725336407,
        1.8958516349765777,
        1.8784701217932909,
        1.863249542819426,
        1.8090062967208573,
        1.7612616366491005,
        1.6879872982687738,
        1.6226760023232185,
        1.5653573803794116,
        1.5129890116980371,
        1.4489127770337684,
        1.3903916681531634,
        1.3385185890601659,
        1.2905360138333635,
        1.2267581370540064,
        1.1686920546781883,
        1.1165062445777922,
        1.0689410850977001,
        1.0254863221335575,
        0.9856810865741126,
        0.9490258346968864,
        0.915114395171725,
        0.8839033284192623,
        0.8545704088281149,
        0.8188678866658013,
        0.7854512689201796,
        0.754916314140642,
        0.7261683839791502,
        0.6998469733051383,
        0.6748198505782519,
        0.6517772952502803,
        0.6299769077145374,
        0.6096022398763569,
        0.590545051236717,
        0.3337780380039663,
        0.2669575656321585,
        0.22049204048587104,
        0.1846811707911183,
        0.1577885144532735,
        0.1369865602815634,
        0.1204560371191958,
        0.10441999962034536,
        0.09156203419558755,
        0.08103485458378865,
        0.07234413343459513,
        0.06379538655537491,
        0.05671043672576967,
        0.050725741120494675,
        0.0456601715211945
    ],
    "UHS_alt2": [
        0.17419239853408688,
        0.17630808132673242,
        0.19456206468837087,
        0.21847383978826115,
        0.2476057993692541,
        0.3791313674860555,
        0.4154720369000817,
        0.4391611782534284,
        0.4496360826531618,
        0.4527467256705782,
        0.44291503050840314,
        0.43444211488345974,
        0.41620635015253216,
        0.40052808246544225,
        0.3783316851490655,
        0.3590616236484965,
        0.3420208095408179,
        0.3266856914173972,
        0.3088086073122982,
        0.29270777096447775,
        0.2782590131143339,
        0.2653938254177979,
        0.24932142460308576,
        0.23495594452211502,
        0.22208268469774153,
        0.2103879397872706,
        0.1996780439533228,
        0.19001435457031485,
        0.18106035798445583,
        0.1728672113787055,
        0.16533671382473716,
        0.1583170564005133,
        0.15034630691979947,
        0.14288132884688345,
        0.1360708367883691,
        0.1297737280396587,
        0.12390029476217994,
        0.11851715569614352,
        0.11341431711069846,
        0.10875132684993663,
        0.10429971000032234,
        0.10022259675104046,
        0.04855506593149046,
        0.03633679691968296,
        0.028270258326321962,
        0.022619062692528048,
        0.01853067535981277,
        0.015467995207942956,
        0.013115358200297645,
        0.010982729622193288,
        0.009319104183481057,
        0.007997696799184332,
        0.006932417866528519,
        0.005949311754139791,
        0.005149551168813753,
        0.004492574853158749,
        0.003947953229577537
    ],
    "UHSperiod": [
        0.01,
        0.02,
        0.03,
        0.04,
        0.05,
        0.1,
        0.125,
        0.15,
        0.175,
        0.19999999999999998,
        0.22499999999999998,
        0.24999999999999997,
        0.27499999999999997,
        0.29999999999999993,
        0.32499999999999996,
        0.35,
        0.3749999999999999,
        0.3999999999999999,
        0.42499999999999993,
        0.44999999999999996,
        0.47499999999999987,
        0.4999999999999999,
        0.5249999999999999,
        0.5499999999999999,
        0.5749999999999998,
        0.5999999999999999,
        0.6249999999999999,
        0.6499999999999998,
        0.6749999999999998,
        0.6999999999999998,
        0.7249999999999999,
        0.7499999999999999,
        0.7749999999999998,
        0.7999999999999998,
        0.8249999999999998,
        0.8499999999999998,
        0.8749999999999998,
        0.8999999999999998,
        0.9249999999999998,
        0.9499999999999998,
        0.9749999999999998,
        0.9999999999999998,
        1.5,
        1.75,
        2.0,
        2.25,
        2.5,
        2.75,
        3.0,
        3.25,
        3.5,
        3.75,
        4.0,
        4.25,
        4.5,
        4.75,
        5.0
    ],
    "UHSrates": [
        0.0021,
        0.000404,
        0.0139
    ]
}